Changes made at Thu Nov 20 10:22:07 UTC 2025
Changes made at Thu Nov 20 12:27:16 UTC 2025
Changes made at Thu Nov 20 14:20:23 UTC 2025
Changes made at Thu Nov 20 16:27:06 UTC 2025
Changes made at Fri Nov 21 08:28:25 UTC 2025
Changes made at Fri Nov 21 10:21:07 UTC 2025
Changes made at Fri Nov 21 14:19:22 UTC 2025
Changes made at Fri Nov 21 16:25:17 UTC 2025
Changes made at Sat Nov 22 08:24:31 UTC 2025
Changes made at Sat Nov 22 10:18:58 UTC 2025
Changes made at Sat Nov 22 14:16:38 UTC 2025
Changes made at Sat Nov 22 16:22:35 UTC 2025
Changes made at Sun Nov 23 08:24:51 UTC 2025
Changes made at Sun Nov 23 10:18:54 UTC 2025
Changes made at Sun Nov 23 14:16:54 UTC 2025
Changes made at Sun Nov 23 16:22:48 UTC 2025
Changes made at Mon Nov 24 08:29:43 UTC 2025
